{"minzoom":0,"maxzoom":9,"center":[5.273438,14.944516,9.0],"bounds":[0.167741,11.696143,15.995434,23.523758]}