{"minzoom":0,"maxzoom":8,"center":[2.109375,13.238984,8.0],"bounds":[0.167741,11.696143,15.995434,23.523758]}